word embeddings similarity,0.9820927548893365
cosine similarity,0.9177790924966094
